paper_id,question_no,section_code,question_type
cet6_2023_06_2,14,listening,listening_mcq
cet6_2023_06_2,46,reading_c,reading_mcq
cet6_2023_06_2,51,reading_c,reading_mcq
cet6_2023_06_3,1,listening,listening_mcq
cet6_2023_06_3,2,listening,listening_mcq
cet6_2023_06_3,3,listening,listening_mcq
cet6_2023_06_3,4,listening,listening_mcq
cet6_2023_06_3,5,listening,listening_mcq
cet6_2023_06_3,6,listening,listening_mcq
cet6_2023_06_3,7,listening,listening_mcq
cet6_2023_06_3,8,listening,listening_mcq
cet6_2023_06_3,9,listening,listening_mcq
cet6_2023_06_3,10,listening,listening_mcq
cet6_2023_06_3,11,listening,listening_mcq
cet6_2023_06_3,12,listening,listening_mcq
cet6_2023_06_3,13,listening,listening_mcq
cet6_2023_06_3,14,listening,listening_mcq
cet6_2023_06_3,15,listening,listening_mcq
cet6_2023_06_3,16,listening,listening_mcq
cet6_2023_06_3,17,listening,listening_mcq
cet6_2023_06_3,18,listening,listening_mcq
cet6_2023_06_3,19,listening,listening_mcq
cet6_2023_06_3,20,listening,listening_mcq
cet6_2023_06_3,21,listening,listening_mcq
cet6_2023_06_3,22,listening,listening_mcq
cet6_2023_06_3,23,listening,listening_mcq
cet6_2023_06_3,24,listening,listening_mcq
cet6_2023_06_3,25,listening,listening_mcq
cet6_2023_06_3,54,reading_c,reading_mcq
cet6_2023_12_1,6,listening,listening_mcq
cet6_2023_12_1,7,listening,listening_mcq
cet6_2023_12_1,8,listening,listening_mcq
cet6_2023_12_1,13,listening,listening_mcq
cet6_2023_12_1,14,listening,listening_mcq
cet6_2023_12_1,15,listening,listening_mcq
cet6_2023_12_1,16,listening,listening_mcq
cet6_2023_12_1,47,reading_c,reading_mcq
cet6_2023_12_1,49,reading_c,reading_mcq
cet6_2023_12_1,50,reading_c,reading_mcq
cet6_2023_12_2,10,listening,listening_mcq
cet6_2023_12_2,11,listening,listening_mcq
cet6_2023_12_2,13,listening,listening_mcq
cet6_2023_12_2,14,listening,listening_mcq
cet6_2023_12_2,15,listening,listening_mcq
cet6_2023_12_2,17,listening,listening_mcq
cet6_2023_12_2,20,listening,listening_mcq
cet6_2023_12_2,26,reading_a,cloze_blank
cet6_2023_12_2,27,reading_a,cloze_blank
cet6_2023_12_2,28,reading_a,cloze_blank
cet6_2023_12_2,29,reading_a,cloze_blank
cet6_2023_12_2,30,reading_a,cloze_blank
cet6_2023_12_2,31,reading_a,cloze_blank
cet6_2023_12_2,32,reading_a,cloze_blank
cet6_2023_12_2,33,reading_a,cloze_blank
cet6_2023_12_2,34,reading_a,cloze_blank
cet6_2023_12_2,35,reading_a,cloze_blank
cet6_2023_12_2,36,reading_b,matching
cet6_2023_12_2,37,reading_b,matching
cet6_2023_12_2,38,reading_b,matching
cet6_2023_12_2,39,reading_b,matching
cet6_2023_12_2,40,reading_b,matching
cet6_2023_12_2,41,reading_b,matching
cet6_2023_12_2,42,reading_b,matching
cet6_2023_12_2,43,reading_b,matching
cet6_2023_12_2,44,reading_b,matching
cet6_2023_12_2,45,reading_b,matching
cet6_2023_12_2,46,reading_c,reading_mcq
cet6_2023_12_2,47,reading_c,reading_mcq
cet6_2023_12_2,49,reading_c,reading_mcq
cet6_2023_12_2,50,reading_c,reading_mcq
cet6_2023_12_2,53,reading_c,reading_mcq
cet6_2023_12_3,10,listening,listening_mcq
cet6_2023_12_3,11,listening,listening_mcq
cet6_2023_12_3,13,listening,listening_mcq
cet6_2023_12_3,14,listening,listening_mcq
cet6_2023_12_3,15,listening,listening_mcq
cet6_2023_12_3,17,listening,listening_mcq
cet6_2023_12_3,20,listening,listening_mcq
cet6_2023_12_3,26,reading_a,cloze_blank
cet6_2023_12_3,27,reading_a,cloze_blank
cet6_2023_12_3,28,reading_a,cloze_blank
cet6_2023_12_3,29,reading_a,cloze_blank
cet6_2023_12_3,30,reading_a,cloze_blank
cet6_2023_12_3,31,reading_a,cloze_blank
cet6_2023_12_3,32,reading_a,cloze_blank
cet6_2023_12_3,33,reading_a,cloze_blank
cet6_2023_12_3,34,reading_a,cloze_blank
cet6_2023_12_3,35,reading_a,cloze_blank
cet6_2023_12_3,36,reading_b,matching
cet6_2023_12_3,37,reading_b,matching
cet6_2023_12_3,38,reading_b,matching
cet6_2023_12_3,39,reading_b,matching
cet6_2023_12_3,40,reading_b,matching
cet6_2023_12_3,41,reading_b,matching
cet6_2023_12_3,42,reading_b,matching
cet6_2023_12_3,43,reading_b,matching
cet6_2023_12_3,44,reading_b,matching
cet6_2023_12_3,45,reading_b,matching
cet6_2023_12_3,46,reading_c,reading_mcq
cet6_2023_12_3,47,reading_c,reading_mcq
cet6_2023_12_3,48,reading_c,reading_mcq
cet6_2023_12_3,49,reading_c,reading_mcq
cet6_2023_12_3,50,reading_c,reading_mcq
cet6_2023_12_3,53,reading_c,reading_mcq
cet6_2024_06_1,3,listening,listening_mcq
cet6_2024_06_1,4,listening,listening_mcq
cet6_2024_06_1,6,listening,listening_mcq
cet6_2024_06_1,13,listening,listening_mcq
cet6_2024_06_1,14,listening,listening_mcq
cet6_2024_06_1,15,listening,listening_mcq
cet6_2024_06_1,23,listening,listening_mcq
cet6_2024_06_1,27,reading_a,cloze_blank
cet6_2024_06_1,46,reading_c,reading_mcq
cet6_2024_06_1,47,reading_c,reading_mcq
cet6_2024_06_1,48,reading_c,reading_mcq
cet6_2024_06_1,49,reading_c,reading_mcq
cet6_2024_06_1,50,reading_c,reading_mcq
cet6_2024_06_1,52,reading_c,reading_mcq
cet6_2024_06_1,53,reading_c,reading_mcq
cet6_2024_06_2,6,listening,listening_mcq
cet6_2024_06_2,7,listening,listening_mcq
cet6_2024_06_2,8,listening,listening_mcq
cet6_2024_06_2,12,listening,listening_mcq
cet6_2024_06_2,16,listening,listening_mcq
cet6_2024_06_2,18,listening,listening_mcq
cet6_2024_06_2,23,listening,listening_mcq
cet6_2024_06_2,24,listening,listening_mcq
cet6_2024_06_2,26,reading_a,cloze_blank
cet6_2024_06_2,27,reading_a,cloze_blank
cet6_2024_06_2,28,reading_a,cloze_blank
cet6_2024_06_2,29,reading_a,cloze_blank
cet6_2024_06_2,30,reading_a,cloze_blank
cet6_2024_06_2,31,reading_a,cloze_blank
cet6_2024_06_2,32,reading_a,cloze_blank
cet6_2024_06_2,33,reading_a,cloze_blank
cet6_2024_06_2,34,reading_a,cloze_blank
cet6_2024_06_2,35,reading_a,cloze_blank
cet6_2024_06_2,36,reading_b,matching
cet6_2024_06_2,37,reading_b,matching
cet6_2024_06_2,38,reading_b,matching
cet6_2024_06_2,39,reading_b,matching
cet6_2024_06_2,40,reading_b,matching
cet6_2024_06_2,41,reading_b,matching
cet6_2024_06_2,42,reading_b,matching
cet6_2024_06_2,43,reading_b,matching
cet6_2024_06_2,44,reading_b,matching
cet6_2024_06_2,45,reading_b,matching
cet6_2024_06_2,46,reading_c,reading_mcq
cet6_2024_06_2,47,reading_c,reading_mcq
cet6_2024_06_2,48,reading_c,reading_mcq
cet6_2024_06_2,49,reading_c,reading_mcq
cet6_2024_06_3,6,listening,listening_mcq
cet6_2024_06_3,7,listening,listening_mcq
cet6_2024_06_3,8,listening,listening_mcq
cet6_2024_06_3,12,listening,listening_mcq
cet6_2024_06_3,16,listening,listening_mcq
cet6_2024_06_3,18,listening,listening_mcq
cet6_2024_06_3,23,listening,listening_mcq
cet6_2024_06_3,24,listening,listening_mcq
cet6_2024_06_3,26,reading_a,cloze_blank
cet6_2024_06_3,27,reading_a,cloze_blank
cet6_2024_06_3,28,reading_a,cloze_blank
cet6_2024_06_3,29,reading_a,cloze_blank
cet6_2024_06_3,30,reading_a,cloze_blank
cet6_2024_06_3,31,reading_a,cloze_blank
cet6_2024_06_3,32,reading_a,cloze_blank
cet6_2024_06_3,33,reading_a,cloze_blank
cet6_2024_06_3,34,reading_a,cloze_blank
cet6_2024_06_3,35,reading_a,cloze_blank
cet6_2024_06_3,36,reading_b,matching
cet6_2024_06_3,37,reading_b,matching
cet6_2024_06_3,38,reading_b,matching
cet6_2024_06_3,39,reading_b,matching
cet6_2024_06_3,40,reading_b,matching
cet6_2024_06_3,41,reading_b,matching
cet6_2024_06_3,42,reading_b,matching
cet6_2024_06_3,43,reading_b,matching
cet6_2024_06_3,44,reading_b,matching
cet6_2024_06_3,45,reading_b,matching
cet6_2024_06_3,46,reading_c,reading_mcq
cet6_2024_06_3,47,reading_c,reading_mcq
cet6_2024_06_3,48,reading_c,reading_mcq
cet6_2024_06_3,49,reading_c,reading_mcq
cet6_2024_06_3,50,reading_c,reading_mcq
cet6_2024_12_1,25,listening,listening_mcq
cet6_2024_12_2,1,listening,listening_mcq
cet6_2024_12_3,25,listening,listening_mcq
cet6_2025_06_1,13,listening,listening_mcq
cet6_2025_06_1,17,listening,listening_mcq
cet6_2025_06_1,20,listening,listening_mcq
cet6_2025_06_1,24,listening,listening_mcq
cet6_2025_06_1,28,reading_a,cloze_blank
cet6_2025_06_1,33,reading_a,cloze_blank
cet6_2025_06_1,35,reading_a,cloze_blank
cet6_2025_06_1,47,reading_c,reading_mcq
cet6_2025_06_1,48,reading_c,reading_mcq
cet6_2025_06_1,49,reading_c,reading_mcq
cet6_2025_06_1,50,reading_c,reading_mcq
cet6_2025_06_2,32,reading_a,cloze_blank
cet6_2025_06_2,34,reading_a,cloze_blank
cet6_2025_06_2,35,reading_a,cloze_blank
cet6_2025_06_2,46,reading_c,reading_mcq
cet6_2025_06_2,49,reading_c,reading_mcq
cet6_2025_06_2,50,reading_c,reading_mcq
cet6_2025_06_3,13,listening,listening_mcq
cet6_2025_06_3,17,listening,listening_mcq
cet6_2025_06_3,20,listening,listening_mcq
cet6_2025_06_3,24,listening,listening_mcq
cet6_2025_06_3,28,reading_a,cloze_blank
cet6_2025_06_3,33,reading_a,cloze_blank
cet6_2025_06_3,36,reading_b,matching
cet6_2025_06_3,37,reading_b,matching
cet6_2025_06_3,38,reading_b,matching
cet6_2025_06_3,39,reading_b,matching
cet6_2025_06_3,40,reading_b,matching
cet6_2025_06_3,41,reading_b,matching
cet6_2025_06_3,42,reading_b,matching
cet6_2025_06_3,43,reading_b,matching
cet6_2025_06_3,44,reading_b,matching
cet6_2025_06_3,45,reading_b,matching
cet6_2025_06_3,50,reading_c,reading_mcq
cet6_2025_12_1,1,listening,listening_mcq
cet6_2025_12_1,2,listening,listening_mcq
cet6_2025_12_1,4,listening,listening_mcq
cet6_2025_12_1,14,listening,listening_mcq
cet6_2025_12_1,22,listening,listening_mcq
cet6_2025_12_1,23,listening,listening_mcq
cet6_2025_12_1,24,listening,listening_mcq
cet6_2025_12_1,25,listening,listening_mcq
cet6_2025_12_1,26,reading_a,cloze_blank
cet6_2025_12_1,27,reading_a,cloze_blank
cet6_2025_12_1,28,reading_a,cloze_blank
cet6_2025_12_1,29,reading_a,cloze_blank
cet6_2025_12_1,30,reading_a,cloze_blank
cet6_2025_12_1,31,reading_a,cloze_blank
cet6_2025_12_1,32,reading_a,cloze_blank
cet6_2025_12_1,33,reading_a,cloze_blank
cet6_2025_12_1,34,reading_a,cloze_blank
cet6_2025_12_1,35,reading_a,cloze_blank
cet6_2025_12_1,36,reading_b,matching
cet6_2025_12_1,37,reading_b,matching
cet6_2025_12_1,38,reading_b,matching
cet6_2025_12_1,39,reading_b,matching
cet6_2025_12_1,40,reading_b,matching
cet6_2025_12_1,41,reading_b,matching
cet6_2025_12_1,42,reading_b,matching
cet6_2025_12_1,43,reading_b,matching
cet6_2025_12_1,44,reading_b,matching
cet6_2025_12_1,45,reading_b,matching
cet6_2025_12_1,46,reading_c,reading_mcq
cet6_2025_12_1,47,reading_c,reading_mcq
cet6_2025_12_1,49,reading_c,reading_mcq
cet6_2025_12_1,50,reading_c,reading_mcq
cet6_2025_12_1,54,reading_c,reading_mcq
cet6_2025_12_1,55,reading_c,reading_mcq
cet6_2025_12_2,4,listening,listening_mcq
cet6_2025_12_2,7,listening,listening_mcq
cet6_2025_12_2,12,listening,listening_mcq
cet6_2025_12_2,46,reading_c,reading_mcq
cet6_2025_12_2,47,reading_c,reading_mcq
cet6_2025_12_2,48,reading_c,reading_mcq
cet6_2025_12_2,49,reading_c,reading_mcq
cet6_2025_12_2,52,reading_c,reading_mcq
cet6_2025_12_3,1,listening,listening_mcq
cet6_2025_12_3,2,listening,listening_mcq
cet6_2025_12_3,4,listening,listening_mcq
cet6_2025_12_3,14,listening,listening_mcq
cet6_2025_12_3,22,listening,listening_mcq
cet6_2025_12_3,23,listening,listening_mcq
cet6_2025_12_3,24,listening,listening_mcq
cet6_2025_12_3,25,listening,listening_mcq
cet6_2025_12_3,26,reading_a,cloze_blank
cet6_2025_12_3,27,reading_a,cloze_blank
cet6_2025_12_3,28,reading_a,cloze_blank
cet6_2025_12_3,29,reading_a,cloze_blank
cet6_2025_12_3,30,reading_a,cloze_blank
cet6_2025_12_3,31,reading_a,cloze_blank
cet6_2025_12_3,32,reading_a,cloze_blank
cet6_2025_12_3,33,reading_a,cloze_blank
cet6_2025_12_3,34,reading_a,cloze_blank
cet6_2025_12_3,35,reading_a,cloze_blank
cet6_2025_12_3,36,reading_b,matching
cet6_2025_12_3,37,reading_b,matching
cet6_2025_12_3,38,reading_b,matching
cet6_2025_12_3,39,reading_b,matching
cet6_2025_12_3,40,reading_b,matching
cet6_2025_12_3,41,reading_b,matching
cet6_2025_12_3,42,reading_b,matching
cet6_2025_12_3,43,reading_b,matching
cet6_2025_12_3,44,reading_b,matching
cet6_2025_12_3,45,reading_b,matching
cet6_2025_12_3,46,reading_c,reading_mcq
cet6_2025_12_3,47,reading_c,reading_mcq
cet6_2025_12_3,48,reading_c,reading_mcq
cet6_2025_12_3,50,reading_c,reading_mcq
cet6_2025_12_3,51,reading_c,reading_mcq
cet6_2025_12_3,52,reading_c,reading_mcq
cet6_2025_12_3,54,reading_c,reading_mcq
